insert into FILM (IDFILM, TITRE, RESUME, DUREE, TYPE, PRIXFOURNISSEUR, DATEACHAT) values (1, 'Moonlight', "Après avoir grandi dans un quartier difficile de Miami, Chiron, un jeune homme tente de trouver sa place dans le monde. Moonlight évoque son parcours, de l’enfance à l’âge adulte.", '02:00:00', ' Drame', 150000, '2010-04-01');
insert into FILM (IDFILM, TITRE, RESUME, DUREE, TYPE, PRIXFOURNISSEUR, DATEACHAT) values (2, 'Passengers', "Alors que 5000 passagers endormis pour longtemps voyagent dans l'espace vers une nouvelle planète, deux d'entre eux sont accidentellement tirés de leur sommeil artificiel 90 ans trop tôt. Jim et Aurora doivent désormais accepter l'idée de passer le reste de leur existence à bord du vaisseau spatial. Alors qu'ils éprouvent peu à peu une indéniable attirance, ils découvrent que le vaisseau court un grave danger. La vie des milliers de passagers endormis est entre leurs mains...", '02:00:00', ' Action', 150000, '2010-04-02');
insert into FILM (IDFILM, TITRE, RESUME, DUREE, TYPE, PRIXFOURNISSEUR, DATEACHAT) values (3, 'Saint Amour', "Tous les ans, Bruno fait la route des vins… sans quitter le salon de l’Agriculture ! Mais cette année, son père, Jean, venu y présenter son taureau champion Nabuchodonosor, décide sur un coup de tête de l’emmener faire une vraie route des vins afin de se rapprocher de lui. Et s’ils trinquent au Saint-Amour, ils trinqueront bien vite aussi à l’amour tout court en compagnie de Mike, le jeune chauffeur de taxi embarqué à l’improviste dans cette tournée à hauts risques entre belles cuvées et toutes les femmes rencontrées au cours de leur périple…  ", '02:00:00', ' Comédie', 150000, '2010-04-03');
insert into FILM (IDFILM, TITRE, RESUME, DUREE, TYPE, PRIXFOURNISSEUR, DATEACHAT) values (4, 'Natty Gann', "Chicago, dans les années 30, en pleine crise économique. Sol Gann, un chômeur mêlé de trop près aux milieux syndicaux pour garder espoir de trouver un travail sur place, vit seul avec sa fille, Natty. Il finit par accepter un travail de bûcheron près de Seattle, à l'autre bout du pays. Natty est confiée à une voisine, Connie, dont elle ne tarde pas à rejeter la tutelle. Elle s'enfuit et décide de retrouver son père. La voilà embarquée dans un train à destination de l'Ouest, en compagnie d'un passager clandestin, Harry, dont elle gagne vite la sympathie..", '02:00:00', ' Aventure', 175000, '2010-04-04');
insert into FILM (IDFILM, TITRE, RESUME, DUREE, TYPE, PRIXFOURNISSEUR, DATEACHAT) values (5, 'Nils Et Les Oies Sauvages', "Pour Nils Holgersson, 13 ans, la ferme familiale dans laquelle il vit ne présente que peu d'amusements. Le jeune garçon passe son temps à embêter les animaux. Il y a aussi Asa, une jolie adolescente avec qui il aimerait passer plus de temps. Un jour, un elfe apparaît et, en guise de punition, fait rétrécir Nils qui arrive désormais à communiquer avec les animaux. Ce petit garnement devient ami avec certains d'entre eux et va, malgré lui, être entraîné dans une extraordinaire aventure qui le changera définitivement.", '01:30:00', ' Aventure', 150000, '2010-04-05');
insert into FILM (IDFILM, TITRE, RESUME, DUREE, TYPE, PRIXFOURNISSEUR, DATEACHAT) values (6, 'Android Apocalypse', "Jute, un homme banal, est rapidementdépassé par les androïdes qui ont su progressé dans leurs carrières. A la suite d'une bagarre dans un bar il est envoyé en camp de prisonniers et se lie d'amitié avec DeeCee, un androïde. Après l'attaque de leur vaisseau par des mutants, Jute et DeeCee sont perdus. Jute réalise rapidement que sa survie dépend d'un androïde à qui il va devoir apprendre à faire confiance...", '02:00:00', ' Comédie', 150000, '2010-04-03');
insert into FILM (IDFILM, TITRE, RESUME, DUREE, TYPE, PRIXFOURNISSEUR, DATEACHAT) values (7, 'Degel', "En compagnie de trois étudiants, Evelyn Kruipen rejoint son père, un imminent scientifique et féroce militant écologiste, dans la base arctique où il étudie la fonte de la calotte polaire. Arrivés sur la place, les jeunes gens découvrent la station déserte et privée d'électricité. Dans le laboratoire git un ours blanc en état de décomposition avancée...", '01:30:00', ' Science fiction', 150000, '2010-04-07');
insert into FILM (IDFILM, TITRE, RESUME, DUREE, TYPE, PRIXFOURNISSEUR, DATEACHAT) values (8, 'Primal (Primevil)', "Six amis partent faire du camping sauvage, dans une nature tout aussi sauvage, mais quand l'une d'entre eux va se baigner, elle en ressort fiévreuse. Elle finit par régresser à l'état primal du prédateur, et commence tout simplement à essayer de massacrer ses copains, qui eux, du coup, sont un peu coincés dans leur campement...", '02:00:00', ' Comédie', 150000, '2010-04-08');
insert into FILM (IDFILM, TITRE, RESUME, DUREE, TYPE, PRIXFOURNISSEUR, DATEACHAT) values (9, 'The Box', "Norma et son époux mènent une vie paisible dans une petite ville des Etats-Unis jusqu'au jour où une mystérieuse boîte est déposée devant leur domicile. Quelques jours plus tard, se présente l'énigmatique Arlington Steward qui leur révèle qu'en appuyant sur le bouton rouge de la boîte, ils recevraient 1 000 000 $, mais cela entraînerait la mort d'un inconnu...", '02:00:00', 'Science fiction', 150000, '2010-04-09');
insert into FILM (IDFILM, TITRE, RESUME, DUREE, TYPE, PRIXFOURNISSEUR, DATEACHAT) values (10, 'Soleil vert', "[i]En 2022, les hommes ont epuisé les ressources naturelles. Seul le soleil vert, sorte de pastille, parvient à nourrir une population miséreuse qui ne sait pas comment créer de tels aliments. Omniprésente et terriblement répressive, la police assure l'ordre. Accompagné de son fidèle ami, un policier va découvrir, au péril de sa vie, l'effroyable réalité de cette société inhumaine./i]", '02:00:00', ' Drame', 150000, '2010-04-10');
insert into FILM (IDFILM, TITRE, RESUME, DUREE, TYPE, PRIXFOURNISSEUR, DATEACHAT) values (11, 'A Scanner Darkly', "Une banlieue d'Orange County, en Californie, en 2013. L'interminable et vain combat de l'Amérique contre la drogue se confond désormais avec sa guerre contre le terrorisme.Le policier Bob Arctor, spécialiste réticent des missions d'infiltration, est contraint de jouer les taupes auprès de ses amis Jim Barris, Ernie Luckman, Donna Hawthorne et Charles Freck.Lorsqu'il reçoit l'ordre de s'espionner lui-même, Arctor entame une inexorable descente dans l'absurde et la paranoïa, où loyautés et identités deviennent indéchiffrables.", '02:00:00', 'Science fiction', 150000, '2010-04-11');
insert into FILM (IDFILM, TITRE, RESUME, DUREE, TYPE, PRIXFOURNISSEUR, DATEACHAT) values (12, 'Stargate SG-1 : Children Of The Gods', "Depuis sa mise à l'abandon, la Porte des Etoiles, une passerelle entre la Terre et les autres planètes, est étroitement surveillée par l'Armée de l'Air. Soudainement, elle s'active et une horde d'extraterrestres, les Goa'ulds, débarque et extermine le détachement de soldats en place. La seule survivante, un sergent, est emmenée de force sur leur planète d'origine : Abydos. Dépassé par les évènements, le Général Hammond rappelle d'urgence le Colonel Jack O'Neill pour qu'il reprenne du service. Le programme Stargate est alors relancé et la première équipe d'expédition, le commando SG-1, est paré pour sa mission de sauvetage.", '02:00:00', '  Aventure', 150000, '2010-04-12');
insert into FILM (IDFILM, TITRE, RESUME, DUREE, TYPE, PRIXFOURNISSEUR, DATEACHAT) values (13, 'Orpailleur', "18 ans après avoir quitté sa terre natale, Rod, jeune Parisien d´origine guyanaise, rentre au pays suite à la disparition de son frère aîné. Gonz, son ami d´enfance des cités, fait partie du voyage. À Cayenne, la révélation d´un douloureux secret de famille pousse Rod dans une quête effrénée de vérité. Il fait la connaissance de Yann, une jeune guide de tourisme écologique très remontée contre les méfaits de l'orpaillage clandestin. Tous les trois seront dès lors pris dans un engrenage, entraînés au bout fleuve, au coeur de la forêt amazonienne, dans le milieu hostile et archaïque des orpailleurs clandestins...", '02:00:00', ' Aventure', 150000, '2010-04-13');
insert into FILM (IDFILM, TITRE, RESUME, DUREE, TYPE, PRIXFOURNISSEUR, DATEACHAT) values (14, 'La Dernière tempête', "Daniel Gray travaille dans une base militaire secrète aux côtés des plus grands scientifiques de la planète. Ils ont créé un appareil plus puissant qu'une bombe nucléaire et doivent maintenant limiter ses effets afin d'éviter la destruction du monde entier qui menace.", '01:30:00', ' Aventure', 150000, '2010-04-13');


insert into CLIENT (IDCLIENT, NOM, PRENOM, DATENAISSANCE, SEXE ,PSEUDO ,MDP) values (1, 'Rakoto', 'Malala', '1992-11-10', 'femme','Malala','Malala1');
insert into CLIENT (IDCLIENT, NOM, PRENOM, DATENAISSANCE, SEXE ,PSEUDO ,MDP) values (2, 'Rabe', 'Rindra', '1996-06-10', 'homme','Rindra','Rindra1');
insert into CLIENT (IDCLIENT, NOM, PRENOM, DATENAISSANCE, SEXE ,PSEUDO ,MDP) values (3, 'Razafy', 'Sitraka', '1993-08-11', 'homme','Sitraka','Sitraka1');
insert into CLIENT (IDCLIENT, NOM, PRENOM, DATENAISSANCE, SEXE ,PSEUDO ,MDP) values (4, 'Andrianjato', 'Toavina', '1994-07-01', 'homme','Toavina','Toavina1');
insert into CLIENT (IDCLIENT, NOM, PRENOM, DATENAISSANCE, SEXE ,PSEUDO ,MDP) values (5, 'Ramila', 'Mirana', '1992-02-02', 'femme','Mirana','Mirana1');

insert into SALLE (IDSALLE, NUMERO, NB_PLACE) values (1, 1, 100);
insert into SALLE (IDSALLE, NUMERO, NB_PLACE) values (2, 2, 125);
insert into SALLE (IDSALLE, NUMERO, NB_PLACE) values (3, 3, 150);
insert into SALLE (IDSALLE, NUMERO, NB_PLACE) values (4, 4, 175);
insert into SALLE (IDSALLE, NUMERO, NB_PLACE) values (5, 5, 150);

insert into EMPLOIDUTEMPS (IDEMPLOI, DATEFILM, HEUREDEBUT, PRIX,IDSALLE,IDFILM) values (1, '2017-01-01', '08:00:00',15000,1,7 );
insert into EMPLOIDUTEMPS (IDEMPLOI, DATEFILM, HEUREDEBUT, PRIX,IDSALLE,IDFILM) values (2, '2017-01-01', '13:00:00',15000,2,3 );
insert into EMPLOIDUTEMPS (IDEMPLOI, DATEFILM, HEUREDEBUT, PRIX,IDSALLE,IDFILM) values (3, '2017-01-02', '08:00:00',15000,4,4 );
insert into EMPLOIDUTEMPS (IDEMPLOI, DATEFILM, HEUREDEBUT, PRIX,IDSALLE,IDFILM) values (4, '2017-01-02', '14:00:00',20000,3,5 );
insert into EMPLOIDUTEMPS (IDEMPLOI, DATEFILM, HEUREDEBUT, PRIX,IDSALLE,IDFILM) values (5, '2017-01-03', '09:00:00',15000,2,6 );
insert into EMPLOIDUTEMPS (IDEMPLOI, DATEFILM, HEUREDEBUT, PRIX,IDSALLE,IDFILM) values (6, '2017-01-03', '13:00:00',15000,3,12 );
insert into EMPLOIDUTEMPS (IDEMPLOI, DATEFILM, HEUREDEBUT, PRIX,IDSALLE,IDFILM) values (7, '2017-01-04', '08:00:00',15000,4,11 );
insert into EMPLOIDUTEMPS (IDEMPLOI, DATEFILM, HEUREDEBUT, PRIX,IDSALLE,IDFILM) values (8, '2017-01-04', '13:00:00',15000,5,10 );
insert into EMPLOIDUTEMPS (IDEMPLOI, DATEFILM, HEUREDEBUT, PRIX,IDSALLE,IDFILM) values (9, '2017-01-05', '08:00:00',15000,1,9 );
insert into EMPLOIDUTEMPS (IDEMPLOI, DATEFILM, HEUREDEBUT, PRIX,IDSALLE,IDFILM) values (10, '2017-01-05', '13:00:00',15000,3,8 );

insert into RESERVATION (IDRESERVATION,IDEMPLOI,IDCLIENT) values (1,7,5);
insert into RESERVATION (IDRESERVATION,IDEMPLOI,IDCLIENT) values (2,10,5);
insert into RESERVATION (IDRESERVATION,IDEMPLOI,IDCLIENT) values (3,9,3);
insert into RESERVATION (IDRESERVATION,IDEMPLOI,IDCLIENT) values (4,5,4);
insert into RESERVATION (IDRESERVATION,IDEMPLOI,IDCLIENT) values (5,8,2);
insert into RESERVATION (IDRESERVATION,IDEMPLOI,IDCLIENT) values (6,2,1);